1,"SNP_A-1909444",742429,"C/T",0.079731027857829
2,"SNP_A-8358063",751595,"C/T",0.234297108673978
3,"SNP_A-8408912",766985,"A/T",0.0777351247600768
4,"SNP_A-1886933",775852,"A/G",0.272818455366098
5,"SNP_A-8515688",788822,"A/G",0.371456500488759
6,"SNP_A-8573955",908436,"A/G",0.204743465634075
7,"SNP_A-8530278",916294,"A/T",0.0557692307692308
8,"SNP_A-8573668",936897,"C/T",0.0671497584541063
9,"SNP_A-8573414",939471,"A/G",0.192718446601942
10,"SNP_A-8531044",980280,"G/A",0.187256809338521
591449,"SNP_A-1948353",49450558,"C/T",0.0400192864030858
591450,"SNP_A-2214336",49451546,"T/C",0.0268714011516315
591451,"SNP_A-8440062",49452422,"T/C",0.0270009643201543
591452,"SNP_A-4295220",49487182,"G/A",0.268882175226586
591453,"SNP_A-8363864",49497339,"C/T",0.459486166007905
591454,"SNP_A-2147362",49503799,"T/C",0.404510556621881
591455,"SNP_A-8418434",49510004,"T/C",0.108267716535433
591456,"SNP_A-8583950",49512530,"T/C",0.476721629485936
591457,"SNP_A-1925598",49522492,"C/T",0.0492277992277992
591458,"SNP_A-8313387",49565872,"A/G",0.0898058252427184
