"chr","nrow","snp","pos","all","tmaf"
1,1,"rs12565286",721290,"0/0",0.04846
1,2,"rs3094315",752566,"0/0",0.191
1,3,"rs2286139",761732,"0/0",0.1536
1,4,"rs2980319",777122,"0/0",0.1481
1,5,"rs2980300",785989,"0/0",0.1648
1,6,"rs11240777",798959,"0/0",0.2238
1,7,"rs3748597",888659,"0/0",0.05085
1,8,"rs2341354",918573,"0/0",0.4297
1,9,"rs4970403",926431,"0/0",0.04815
1,10,"rs2465126",947034,"0/0",0.05391
1,11,"rs2465136",990417,"0/0",0.3071
1,12,"rs4075116",1003629,"0/0",0.3071
1,13,"rs9442372",1018704,"0/0",0.4485
1,14,"rs11260595",1039098,"0/0",0.02362
1,15,"rs6604968",1041700,"0/0",0.1529
1,16,"rs4970405",1048955,"0/0",0.126
1,17,"rs9442385",1097335,"0/0",0.06348
1,18,"rs11260554",1129672,"0/0",0.1046
1,19,"rs10907175",1130727,"0/0",0.09575
1,20,"rs2887286",1156131,"0/0",0.1682
1,21,"rs3813199",1158277,"0/0",0.09578
1,22,"rs6603781",1158631,"0/0",0.1179
1,23,"rs11260562",1165310,"0/0",0.07749
1,24,"rs11260568",1195690,"0/0",0.01564
1,25,"rs12563338",1198618,"0/0",0.03913
1,26,"rs6685064",1211292,"0/0",0.0712
1,27,"rs3753340",1217058,"0/0",0.02364
1,28,"rs6603788",1218086,"0/0",0.09404
1,29,"rs2765023",1297065,"0/0",0.1173
1,30,"rs2765021",1297422,"0/0",0.06349
1,31,"rs2649589",1311716,"0/0",0.07358
1,32,"rs1240743",1333436,"0/0",0.3728
1,33,"rs1695824",1365570,"0/0",0.2149
1,34,"rs819976",1421531,"0/0",0.09003
1,35,"rs9439462",1462766,"0/0",0.05692
1,36,"rs1987191",1467485,"0/0",0.03021
1,37,"rs3766180",1478153,"0/0",0.2954
1,38,"rs6603791",1500941,"0/0",0.3281
1,39,"rs7540231",1506035,"0/0",0.1523
1,40,"rs7519837",1510801,"0/0",0.3105
1,41,"rs909823",1647686,"0/0",0.07413
1,42,"rs3817856",1663831,"0/0",0.4935
1,43,"rs2281173",1688192,"0/0",0.08961
1,44,"rs1107910",1692321,"0/0",0.4598
1,45,"rs2272908",1721479,"0/0",0.4815
1,46,"rs3737628",1722932,"0/0",0.4905
1,47,"rs9786963",1759026,"0/0",0.06961
1,48,"rs10907187",1759054,"0/0",0.2684
1,49,"rs12126768",1778090,"0/0",0.1813
1,50,"rs12402876",1783201,"0/0",0.2705
1,51,"rs7511905",1793786,"0/0",0.05996
1,52,"rs3855951",1804302,"0/0",0.05938
1,53,"rs6603803",1812688,"0/0",0.4815
1,54,"rs6688000",1823922,"0/0",0.0606
1,55,"rs745910",1829482,"0/0",0.1802
1,56,"rs16824543",1871337,"0/0",0.04843
1,57,"rs3820011",1888193,"0/0",0.2817
1,58,"rs13303201",1903712,"0/0",0.3561
1,59,"rs13303344",1948400,"0/0",0.3059
1,60,"rs3121822",1972462,"0/0",0.07584
1,61,"rs2459994",2024064,"0/0",0.1895
1,62,"rs7513222",2027901,"0/0",0.3252
1,63,"rs908742",2033256,"0/0",0.3278
1,64,"rs4648805",2040763,"0/0",0.1282
1,65,"rs4648807",2040898,"0/0",0.3951
1,66,"rs3107146",2047584,"0/0",0.1167
1,67,"rs3107157",2061969,"0/0",0.4099
1,68,"rs451061",2075068,"0/0",0.3749
1,69,"rs385039",2077409,"0/0",0.2733
1,70,"rs3107126",2081642,"0/0",0.1066
1,71,"rs262669",2082489,"0/0",0.3704
1,72,"rs2257182",2082566,"0/0",0.3798
1,73,"rs262641",2104981,"0/0",0.2742
1,74,"rs3128309",2105878,"0/0",0.09949
1,75,"rs626479",2110260,"0/0",0.2654
1,76,"rs2460000",2156362,"0/0",0.341
1,77,"rs262680",2167149,"0/0",0.4154
1,78,"rs12385717",2184855,"0/0",0.07881
1,79,"rs16824948",2186220,"0/0",0.05921
1,80,"rs12084736",2189580,"0/0",0.04407
1,81,"rs12045693",2205581,"0/0",0.4161
1,82,"rs2132303",2223258,"0/0",0.1605
1,83,"rs2843163",2227422,"0/0",0.2611
1,84,"rs2643888",2229447,"0/0",0.1628
1,85,"rs12562937",2229478,"0/0",0.2053
1,86,"rs1496555",2234251,"0/0",0.1574
1,87,"rs12082516",2251160,"0/0",0.2485
1,88,"rs2645092",2257863,"0/0",0.3718
1,89,"rs12730391",2272064,"0/0",0.2482
1,90,"rs2645072",2280423,"0/0",0.2199
1,91,"rs7527871",2281726,"0/0",0.1866
1,92,"rs4648831",2283117,"0/0",0.2064
1,93,"rs2840525",2283161,"0/0",0.1409
1,94,"rs2843130",2283313,"0/0",0.151
1,95,"rs2840528",2283896,"0/0",0.4145
1,96,"rs2843129",2285414,"0/0",0.2184
1,97,"rs2840531",2286408,"0/0",0.1502
1,98,"rs7545940",2299627,"0/0",0.3734
1,99,"rs6665546",2301691,"0/0",0.2129
