"chr","nrow","snp","pos","cpos"
1,2491,"rs1801131-1",11854476,11854477
1,25264,"rs4118325-1",107577832,107577833
1,34936,"rs1736557-1",171080080,171080081
1,43783,"rs1539243-1",206647787,206647788
1,43843,"rs13208-1",206828162,206828163
1,43886,"rs3024509-1",206943297,206943298
1,43889,"rs1878672-1",206943713,206943714
1,43937,"rs2243168-1",207009388,207009389
1,43956,"rs2981573-1",207040577,207040578
1,43969,"rs1150258-1",207074905,207074906
1,46183,"rs3767844-1",214180721,214180722
2,18935,"rs6755858-1",62197878,62197879
2,18938,"rs10174013-1",62220444,62220445
2,18950,"rs2122382-1",62326484,62326485
2,18956,"rs921319-1",62367720,62367721
2,44966,"rs155141-1",182317202,182317203
2,48849,"rs3181113-1",204601910,204601911
2,48882,"rs5742909-1",204732347,204732348
2,49374,"rs11884476-1",206318593,206318594
2,52608,"rs16858811-1",219029843,219029844
2,54333,"rs6741742-1",225245601,225245602
2,55876,"rs3948464-1",231050715,231050716
3,14140,"rs4987053-1",46306700,46306701
3,14175,"rs333-1",46414978,46414979
3,14565,"rs175634-1",50644134,50644135
3,39943,"rs9290040-1",159137850,159137851
4,10385,"rs1477538-1",37697723,37697724
4,31634,"rs1513765-1",139193151,139193152
4,32518,"Rs12508866-1",142565693,142565694
4,32535,"Rs10519613-1",142654084,142654085
4,33686,"rs4835412-1",148441139,148441140
4,34896,"rs3804099-1",154624656,154624657
4,34898,"rs3804100-1",154625409,154625410
4,39934,"rs13140287-1",176711191,176711192
5,10361,"rs6897932-1",35874575,35874576
5,32402,"rs2243248-1",132008644,132008645
5,33979,"rs7703938-1",137641466,137641467
6,10142,"rs259919-1",30025503,30025504
6,10715,"rs9266409-1",31336568,31336569
6,11361,"rs3077-1",33033022,33033023
6,11448,"rs2071888-1",33272855,33272856
6,12644,"rs12191476-1",38223386,38223387
6,14244,"rs1096699-1",43528441,43528442
6,14835,"rs6458477-1",45880311,45880312
6,45849,"rs3800235-1",170877053,170877054
6,45854,"rs2072916-1",170881130,170881131
7,5211,"rs10249317-1",17462871,17462872
7,6748,"rs12700326-1",21955738,21955739
7,13845,"rs6463247-1",44839616,44839617
7,22307,"rs1045642-1",87138645,87138646
7,22327,"rs2235035-1",87179086,87179087
7,30715,"rs1154330-1",128625788,128625789
7,30720,"rs11768572-1",128645292,128645293
7,30722,"rs2305325-1",128654840,128654841
8,3980,"rs2239668-1",6794019,6794020
8,3983,"rs2741675-1",6797532,6797533
8,14226,"rs4503083-1",39872935,39872936
8,17710,"rs1050504-1",59496416,59496417
8,21400,"rs12546223-1",74866217,74866218
8,21404,"rs12541216-1",74875358,74875359
8,21407,"rs12547746-1",74878696,74878697
8,26176,"rs2575735-1",97534651,97534652
8,26993,"rs3108919-1",101841546,101841547
8,32655,"rs6998986-1",124887024,124887025
8,39092,"rs2572886-1",143903155,143903156
9,6551,"rs12339417-1",15498495,15498496
9,12000,"rs10813831-1",32526146,32526147
9,31545,"rs3003609-1",130984755,130984756
10,13357,"rs1801157-1",44868257,44868258
10,13368,"rs754618-1",44886206,44886207
10,15371,"rs7096206-1",54531685,54531686
10,28727,"rs9420855-1",103283193,103283194
11,1422,"rs11038628-1",5688940,5688941
11,1431,"rs3740996-1",5701281,5701282
11,1433,"rs3824949-1",5701409,5701410
11,1442,"rs1498553-1",5709028,5709029
11,1454,"rs999295-1",5730248,5730249
11,1457,"rs7113258-1",5731455,5731456
11,16050,"rs1786172-1",65770658,65770659
11,17329,"rs11235880-1",73435296,73435297
11,26876,"rs724787-1",107862668,107862669
11,26879,"RS11212484-1",107884390,107884391
12,2240,"rs7956804-1",6898460,6898461
12,3021,"rs2255336-1",10532326,10532327
12,3032,"rs2617170-1",10560957,10560958
12,13488,"rs11170466-1",53585859,53585860
12,13491,"rs2272299-1",53586822,53586823
12,16858,"rs2069727-1",68548223,68548224
12,16909,"rs2227492-1",68646137,68646138
12,16912,"rs2227484-1",68647929,68647930
12,16914,"rs2227483-1",68648176,68648177
14,706,"rs2222924-1",22435602,22435603
14,19420,"rs1980618-1",94852423,94852424
15,14483,"rs859-1",81601322,81601323
16,3900,"rs9927877-1",10789867,10789868
16,3951,"rs12596540-1",10970476,10970477
16,3963,"rs4774-1",11000848,11000849
16,14205,"rs1800566-1",69745145,69745146
17,983,"rs3026105-1",5281758,5281759
